[
    { "action":{"type":"block"},"isUrlFilterCaseSensitive":false, "id":1,"priority": 1, "condition" : {"urlFilter" : "||grabify.link/*", "resourceTypes" : ["websocket", "main_frame","script", "ping"]}},
    { "action":{"type":"block"},"isUrlFilterCaseSensitive":false, "id":2,"priority": 1, "condition" : {"urlFilter" : "||mymassive.yachts/*", "resourceTypes" : ["websocket", "main_frame","script", "ping"]}},
    { "action":{"type":"block"},"isUrlFilterCaseSensitive":false, "id":3,"priority": 1, "condition" : {"urlFilter" : "||stonks.boats/*", "resourceTypes" : ["websocket", "main_frame","script", "ping"]}},
    { "action":{"type":"block"},"isUrlFilterCaseSensitive":false, "id":4,"priority": 1, "condition" : {"urlFilter" : "||stonks.fun/*", "resourceTypes" : ["websocket", "main_frame","script", "ping"]}},
    { "action":{"type":"block"},"isUrlFilterCaseSensitive":false, "id":5,"priority": 1, "condition" : {"urlFilter" : "||toes.beauty/*", "resourceTypes" : ["websocket", "main_frame","script", "ping"]}},
    { "action":{"type":"block"},"isUrlFilterCaseSensitive":false, "id":6,"priority": 1, "condition" : {"urlFilter" : "||barefoot.pics/*", "resourceTypes" : ["websocket", "main_frame","script", "ping"]}},
    { "action":{"type":"block"},"isUrlFilterCaseSensitive":false, "id":7,"priority": 1, "condition" : {"urlFilter" : "||shareit.pics/*", "resourceTypes" : ["websocket", "main_frame","script", "ping"]}},
    { "action":{"type":"block"},"isUrlFilterCaseSensitive":false, "id":8,"priority": 1, "condition" : {"urlFilter" : "||gamer.tattoo/*", "resourceTypes" : ["websocket", "main_frame","script", "ping"]}},
    { "action":{"type":"block"},"isUrlFilterCaseSensitive":false, "id":9,"priority": 1, "condition" : {"urlFilter" : "||shipment.website/*", "resourceTypes" : ["websocket", "main_frame","script", "ping"]}},
    { "action":{"type":"block"},"isUrlFilterCaseSensitive":false, "id":10,"priority": 1, "condition" : {"urlFilter" : "||imagevault.cloud/*", "resourceTypes" : ["websocket", "main_frame","script", "ping"]}},
    { "action":{"type":"block"},"isUrlFilterCaseSensitive":false, "id":11,"priority": 1, "condition" : {"urlFilter" : "||sugma.mom/*", "resourceTypes" : ["websocket", "main_frame","script", "ping"]}},
    { "action":{"type":"block"},"isUrlFilterCaseSensitive":false, "id":12,"priority": 1, "condition" : {"urlFilter" : "||yum.mom/*", "resourceTypes" : ["websocket", "main_frame","script", "ping"]}},
    { "action":{"type":"block"},"isUrlFilterCaseSensitive":false, "id":13,"priority": 1, "condition" : {"urlFilter" : "||plz.life/*", "resourceTypes" : ["websocket", "main_frame","script", "ping"]}},
    { "action":{"type":"block"},"isUrlFilterCaseSensitive":false, "id":14,"priority": 1, "condition" : {"urlFilter" : "||massive.mom/*", "resourceTypes" : ["websocket", "main_frame","script", "ping"]}},
    { "action":{"type":"block"},"isUrlFilterCaseSensitive":false, "id":15,"priority": 1, "condition" : {"urlFilter" : "||massive.boats/*", "resourceTypes" : ["websocket", "main_frame","script", "ping"]}},
    { "action":{"type":"block"},"isUrlFilterCaseSensitive":false, "id":16,"priority": 1, "condition" : {"urlFilter" : "||mymassive.store/*", "resourceTypes" : ["websocket", "main_frame","script", "ping"]}},
    { "action":{"type":"block"},"isUrlFilterCaseSensitive":false, "id":17,"priority": 1, "condition" : {"urlFilter" : "||mymassive.top/*", "resourceTypes" : ["websocket", "main_frame","script", "ping"]}},
    { "action":{"type":"block"},"isUrlFilterCaseSensitive":false, "id":18,"priority": 1, "condition" : {"urlFilter" : "||gamer.hair/*", "resourceTypes" : ["websocket", "main_frame","script", "ping"]}},
    { "action":{"type":"block"},"isUrlFilterCaseSensitive":false, "id":19,"priority": 1, "condition" : {"urlFilter" : "||screenshare.pics/*", "resourceTypes" : ["websocket", "main_frame","script", "ping"]}},
    { "action":{"type":"block"},"isUrlFilterCaseSensitive":false, "id":20,"priority": 1, "condition" : {"urlFilter" : "||myprivate.pics/*", "resourceTypes" : ["websocket", "main_frame","script", "ping"]}},
    { "action":{"type":"block"},"isUrlFilterCaseSensitive":false, "id":21,"priority": 1, "condition" : {"urlFilter" : "||noodshare.pics/*", "resourceTypes" : ["websocket", "main_frame","script", "ping"]}},
    { "action":{"type":"block"},"isUrlFilterCaseSensitive":false, "id":22,"priority": 1, "condition" : {"urlFilter" : "||stopify.co/*", "resourceTypes" : ["websocket", "main_frame","script", "ping"]}},
    { "action":{"type":"block"},"isUrlFilterCaseSensitive":false, "id":23,"priority": 1, "condition" : {"urlFilter" : "||grabb.site/*", "resourceTypes" : ["websocket", "main_frame","script", "ping"]}},
    { "action":{"type":"block"},"isUrlFilterCaseSensitive":false, "id":24,"priority": 1, "condition" : {"urlFilter" : "||grabify.icu/*", "resourceTypes" : ["websocket", "main_frame","script", "ping"]}},
    { "action":{"type":"block"},"isUrlFilterCaseSensitive":false, "id":25,"priority": 1, "condition" : {"urlFilter" : "||grabify.world/*", "resourceTypes" : ["websocket", "main_frame","script", "ping"]}},
    { "action":{"type":"block"},"isUrlFilterCaseSensitive":false, "id":26,"priority": 1, "condition" : {"urlFilter" : "||grabifyicu.com/*", "resourceTypes" : ["websocket", "main_frame","script", "ping"]}}
]
